{
	"info": {
		"_postman_id": "b95b8690-72f0-4289-9d90-413cffeae5bb",
		"name": "ServiceNow Parameterization & Chaining",
		"description": "Comprises of different modules of the ServiceNow application",
		"schema": "https://schema.getpostman.com/json/collection/v2.1.0/collection.json"
	},
	"item": [
		{
			"name": "Change Requests",
			"item": [
				{
					"name": "Get All Change Requests",
					"event": [
						{
							"listen": "test",
							"script": {
								"id": "18e4bf90-94a1-4eee-acba-14ad43829a7f",
								"exec": [
									"//Get the response and convert to json",
									"var jsonResponse = pm.response.json();",
									"console.log(jsonResponse);",
									"",
									"//Get length of array",
									"var count = jsonResponse.result.length;",
									"console.log(count);",
									"",
									"//Read one sys_id from the json response",
									"var random = Math.floor(Math.random() * count);",
									"console.log(random);",
									"var sys_id = jsonResponse.result[random].sys_id;",
									"console.log(sys_id);",
									"",
									"//Set value to the global variable",
									"pm.globals.set(\"sys_id\", sys_id);",
									"",
									"//Assert by status code",
									"pm.test(\"Get successful\", function () {",
									"    pm.response.to.have.status(200);",
									"});"
								],
								"type": "text/javascript"
							}
						}
					],
					"request": {
						"method": "GET",
						"header": [],
						"url": {
							"raw": "https://{{serverName}}/api/now/v2/table/{{tableName}}?sysparm_fields=sys_id,number,state,sys_created_by",
							"protocol": "https",
							"host": [
								"{{serverName}}"
							],
							"path": [
								"api",
								"now",
								"v2",
								"table",
								"{{tableName}}"
							],
							"query": [
								{
									"key": "sysparm_fields",
									"value": "sys_id,number,state,sys_created_by"
								}
							]
						}
					},
					"response": []
				},
				{
					"name": "Delete Change Request",
					"event": [
						{
							"listen": "test",
							"script": {
								"id": "b0a318d2-6772-429a-a489-338b191e1cf5",
								"exec": [
									"//Validate if the status code is 204 (to confirm deletion)",
									"pm.test(\"Change Request deleted\", function () {",
									"    pm.response.to.have.status(204);",
									"});"
								],
								"type": "text/javascript"
							}
						}
					],
					"protocolProfileBehavior": {
						"disabledSystemHeaders": {}
					},
					"request": {
						"method": "DELETE",
						"header": [
							{
								"key": "Accept",
								"type": "text",
								"value": "application/xml",
								"disabled": true
							}
						],
						"body": {
							"mode": "raw",
							"raw": "",
							"options": {
								"raw": {
									"language": "json"
								}
							}
						},
						"url": {
							"raw": "https://{{serverName}}/api/now/table/{{tableName}}/{{sys_id}}",
							"protocol": "https",
							"host": [
								"{{serverName}}"
							],
							"path": [
								"api",
								"now",
								"table",
								"{{tableName}}",
								"{{sys_id}}"
							]
						}
					},
					"response": []
				},
				{
					"name": "Create Change Request - With type & short description in body",
					"event": [
						{
							"listen": "test",
							"script": {
								"id": "e1808bf9-ca38-4143-b8f7-0f56fdaf9d2d",
								"exec": [
									"//Get the response and convert to json",
									"var jsonResponse = pm.response.json();",
									"console.log(jsonResponse);",
									"",
									"//Get the sys_id of the created change request",
									"var newsys_id = jsonResponse.result.sys_id;",
									"console.log(newsys_id);",
									"",
									"//Set value to the global variable",
									"pm.globals.set(\"sys_id\", newsys_id);",
									"",
									"//Confirm the response time is less than 2s",
									"pm.test(\"Response time is less than 2s\", function () {",
									"    pm.expect(pm.response.responseTime).to.be.below(2000);",
									"});"
								],
								"type": "text/javascript"
							}
						}
					],
					"request": {
						"method": "POST",
						"header": [],
						"body": {
							"mode": "raw",
							"raw": "{\n\t\"type\": \"normal\",\n\t\"short_description\": \"Sample from Postman\",\n\t\"state\": \"-5\"\n}",
							"options": {
								"raw": {
									"language": "json"
								}
							}
						},
						"url": {
							"raw": "https://{{serverName}}/api/now/v2/table/{{tableName}}",
							"protocol": "https",
							"host": [
								"{{serverName}}"
							],
							"path": [
								"api",
								"now",
								"v2",
								"table",
								"{{tableName}}"
							]
						}
					},
					"response": []
				},
				{
					"name": "Patch - Update Single Field",
					"event": [
						{
							"listen": "test",
							"script": {
								"id": "009b8175-62d4-4e7c-8a8c-4c2affecd9e5",
								"exec": [
									"//Assert if response contains specified string",
									"pm.test(\"Body matches string\", function () {",
									"    pm.expect(pm.response.text()).to.include(\"Updated by Postman for the purpose of testing\");",
									"});"
								],
								"type": "text/javascript"
							}
						}
					],
					"protocolProfileBehavior": {
						"disabledSystemHeaders": {}
					},
					"request": {
						"method": "PATCH",
						"header": [
							{
								"key": "Accept",
								"type": "text",
								"value": "application/xml",
								"disabled": true
							}
						],
						"body": {
							"mode": "raw",
							"raw": "{\n\t\"short_description\": \"Updated by Postman for the purpose of testing\"\n}",
							"options": {
								"raw": {
									"language": "json"
								}
							}
						},
						"url": {
							"raw": "https://{{serverName}}/api/now/table/{{tableName}}/{{sys_id}}",
							"protocol": "https",
							"host": [
								"{{serverName}}"
							],
							"path": [
								"api",
								"now",
								"table",
								"{{tableName}}",
								"{{sys_id}}"
							]
						}
					},
					"response": []
				}
			],
			"description": "Comprises of requests to validate change requests module",
			"protocolProfileBehavior": {}
		}
	],
	"auth": {
		"type": "basic",
		"basic": [
			{
				"key": "password",
				"value": "Soumi@1989",
				"type": "string"
			},
			{
				"key": "username",
				"value": "admin",
				"type": "string"
			}
		]
	},
	"event": [
		{
			"listen": "prerequest",
			"script": {
				"id": "9dac91bb-c7f5-424f-8d68-75508135828b",
				"type": "text/javascript",
				"exec": [
					""
				]
			}
		},
		{
			"listen": "test",
			"script": {
				"id": "941f853f-abca-4a81-9248-34d14273ac41",
				"type": "text/javascript",
				"exec": [
					""
				]
			}
		}
	],
	"variable": [
		{
			"id": "c91d0ffe-85dc-4d65-a509-038d1142baa9",
			"key": "tableName",
			"value": "change_request",
			"type": "string"
		}
	],
	"protocolProfileBehavior": {}
}