{
	"info": {
		"_postman_id": "cdea4bb9-738f-4160-b847-60616f4b0d4d",
		"name": "ServiceNow",
		"description": "Comprises of different modules of the ServiceNow application",
		"schema": "https://schema.getpostman.com/json/collection/v2.1.0/collection.json"
	},
	"item": [
		{
			"name": "Change Requests",
			"item": [
				{
					"name": "Get All Change Requests",
					"request": {
						"auth": {
							"type": "basic",
							"basic": [
								{
									"key": "password",
									"value": "Soumi@1989",
									"type": "string"
								},
								{
									"key": "username",
									"value": "admin",
									"type": "string"
								}
							]
						},
						"method": "GET",
						"header": [],
						"url": {
							"raw": "https://dev83876.service-now.com/api/now/v2/table/change_request",
							"protocol": "https",
							"host": [
								"dev83876",
								"service-now",
								"com"
							],
							"path": [
								"api",
								"now",
								"v2",
								"table",
								"change_request"
							]
						}
					},
					"response": []
				},
				{
					"name": "Get All Change Requests - Type Normal Only",
					"request": {
						"auth": {
							"type": "basic",
							"basic": [
								{
									"key": "password",
									"value": "Soumi@1989",
									"type": "string"
								},
								{
									"key": "username",
									"value": "admin",
									"type": "string"
								}
							]
						},
						"method": "GET",
						"header": [],
						"url": {
							"raw": "https://dev83876.service-now.com/api/now/v2/table/change_request?type=normal",
							"protocol": "https",
							"host": [
								"dev83876",
								"service-now",
								"com"
							],
							"path": [
								"api",
								"now",
								"v2",
								"table",
								"change_request"
							],
							"query": [
								{
									"key": "type",
									"value": "normal"
								}
							]
						}
					},
					"response": []
				},
				{
					"name": "Get All Change Requests - Type Normal, Specific values only",
					"request": {
						"auth": {
							"type": "basic",
							"basic": [
								{
									"key": "password",
									"value": "Soumi@1989",
									"type": "string"
								},
								{
									"key": "username",
									"value": "admin",
									"type": "string"
								}
							]
						},
						"method": "GET",
						"header": [],
						"url": {
							"raw": "https://dev83876.service-now.com/api/now/v2/table/change_request?type=normal&sysparm_fields=sys_id,number",
							"protocol": "https",
							"host": [
								"dev83876",
								"service-now",
								"com"
							],
							"path": [
								"api",
								"now",
								"v2",
								"table",
								"change_request"
							],
							"query": [
								{
									"key": "type",
									"value": "normal"
								},
								{
									"key": "sysparm_fields",
									"value": "sys_id,number"
								}
							]
						}
					},
					"response": []
				},
				{
					"name": "Create Change Request - Without body",
					"request": {
						"auth": {
							"type": "basic",
							"basic": [
								{
									"key": "password",
									"value": "Soumi@1989",
									"type": "string"
								},
								{
									"key": "username",
									"value": "admin",
									"type": "string"
								}
							]
						},
						"method": "POST",
						"header": [],
						"url": {
							"raw": "https://dev83876.service-now.com/api/now/v2/table/change_request",
							"protocol": "https",
							"host": [
								"dev83876",
								"service-now",
								"com"
							],
							"path": [
								"api",
								"now",
								"v2",
								"table",
								"change_request"
							]
						}
					},
					"response": []
				},
				{
					"name": "Create Change Request - With type & short description in body",
					"request": {
						"auth": {
							"type": "basic",
							"basic": [
								{
									"key": "password",
									"value": "Soumi@1989",
									"type": "string"
								},
								{
									"key": "username",
									"value": "admin",
									"type": "string"
								}
							]
						},
						"method": "POST",
						"header": [],
						"body": {
							"mode": "raw",
							"raw": "{\n\t\"type\": \"normal\",\n\t\"short_description\": \"Soundharya Manoharan\"\n}",
							"options": {
								"raw": {
									"language": "json"
								}
							}
						},
						"url": {
							"raw": "https://dev83876.service-now.com/api/now/v2/table/change_request",
							"protocol": "https",
							"host": [
								"dev83876",
								"service-now",
								"com"
							],
							"path": [
								"api",
								"now",
								"v2",
								"table",
								"change_request"
							]
						}
					},
					"response": []
				},
				{
					"name": "Create Change Request - With type & state",
					"request": {
						"auth": {
							"type": "basic",
							"basic": [
								{
									"key": "password",
									"value": "Soumi@1989",
									"type": "string"
								},
								{
									"key": "username",
									"value": "admin",
									"type": "string"
								}
							]
						},
						"method": "POST",
						"header": [],
						"body": {
							"mode": "raw",
							"raw": "{\n\t\"type\": \"normal\",\n\t\"state\": \"-5\"\n}",
							"options": {
								"raw": {
									"language": "json"
								}
							}
						},
						"url": {
							"raw": "https://dev83876.service-now.com/api/now/v2/table/change_request",
							"protocol": "https",
							"host": [
								"dev83876",
								"service-now",
								"com"
							],
							"path": [
								"api",
								"now",
								"v2",
								"table",
								"change_request"
							]
						}
					},
					"response": []
				},
				{
					"name": "Create Change Request - Response in xml",
					"protocolProfileBehavior": {
						"disabledSystemHeaders": {
							"accept": true
						}
					},
					"request": {
						"auth": {
							"type": "basic",
							"basic": [
								{
									"key": "password",
									"value": "Soumi@1989",
									"type": "string"
								},
								{
									"key": "username",
									"value": "admin",
									"type": "string"
								}
							]
						},
						"method": "POST",
						"header": [
							{
								"key": "Accept",
								"value": "application/xml",
								"type": "text"
							}
						],
						"body": {
							"mode": "raw",
							"raw": "{\n\t\"type\": \"normal\",\n\t\"state\": \"-5\"\n}",
							"options": {
								"raw": {
									"language": "json"
								}
							}
						},
						"url": {
							"raw": "https://dev83876.service-now.com/api/now/v2/table/change_request?sysparm_fields=number,state,sys_id",
							"protocol": "https",
							"host": [
								"dev83876",
								"service-now",
								"com"
							],
							"path": [
								"api",
								"now",
								"v2",
								"table",
								"change_request"
							],
							"query": [
								{
									"key": "sysparm_fields",
									"value": "number,state,sys_id"
								}
							]
						}
					},
					"response": []
				},
				{
					"name": "Get Specific Change Request",
					"protocolProfileBehavior": {
						"disableBodyPruning": true,
						"disabledSystemHeaders": {}
					},
					"request": {
						"auth": {
							"type": "basic",
							"basic": [
								{
									"key": "password",
									"value": "Soumi@1989",
									"type": "string"
								},
								{
									"key": "username",
									"value": "admin",
									"type": "string"
								}
							]
						},
						"method": "GET",
						"header": [
							{
								"key": "Accept",
								"type": "text",
								"value": "application/xml",
								"disabled": true
							}
						],
						"body": {
							"mode": "raw",
							"raw": "{\n\t\"number\": \"CHG0030006\"\n}",
							"options": {
								"raw": {
									"language": "json"
								}
							}
						},
						"url": {
							"raw": "https://dev83876.service-now.com/api/now/v2/table/change_request?sysparm_fields=number,sys_id, assigned_to&number=CHG0030003",
							"protocol": "https",
							"host": [
								"dev83876",
								"service-now",
								"com"
							],
							"path": [
								"api",
								"now",
								"v2",
								"table",
								"change_request"
							],
							"query": [
								{
									"key": "sysparm_fields",
									"value": "number,sys_id, assigned_to"
								},
								{
									"key": "number",
									"value": "CHG0030003"
								}
							]
						}
					},
					"response": []
				},
				{
					"name": "Delete Change Request",
					"protocolProfileBehavior": {
						"disabledSystemHeaders": {}
					},
					"request": {
						"auth": {
							"type": "basic",
							"basic": [
								{
									"key": "password",
									"value": "Soumi@1989",
									"type": "string"
								},
								{
									"key": "username",
									"value": "admin",
									"type": "string"
								}
							]
						},
						"method": "DELETE",
						"header": [
							{
								"key": "Accept",
								"type": "text",
								"value": "application/xml",
								"disabled": true
							}
						],
						"body": {
							"mode": "raw",
							"raw": "",
							"options": {
								"raw": {
									"language": "json"
								}
							}
						},
						"url": {
							"raw": "https://dev83876.service-now.com/api/now/table/change_request/ddbced2fdb205010a7ba478239961905",
							"protocol": "https",
							"host": [
								"dev83876",
								"service-now",
								"com"
							],
							"path": [
								"api",
								"now",
								"table",
								"change_request",
								"ddbced2fdb205010a7ba478239961905"
							]
						}
					},
					"response": []
				},
				{
					"name": "Update Change Request",
					"protocolProfileBehavior": {
						"disabledSystemHeaders": {}
					},
					"request": {
						"auth": {
							"type": "basic",
							"basic": [
								{
									"key": "password",
									"value": "Soumi@1989",
									"type": "string"
								},
								{
									"key": "username",
									"value": "admin",
									"type": "string"
								}
							]
						},
						"method": "PUT",
						"header": [
							{
								"key": "Accept",
								"type": "text",
								"value": "application/xml",
								"disabled": true
							}
						],
						"body": {
							"mode": "raw",
							"raw": "{\n\t\"type\": \"emergency\",\n\t\"description\": \"Soundharya Manoharan\"\n}",
							"options": {
								"raw": {
									"language": "json"
								}
							}
						},
						"url": {
							"raw": "https://dev83876.service-now.com/api/now/table/change_request/9918e9ebdb205010a7ba4782399619cf",
							"protocol": "https",
							"host": [
								"dev83876",
								"service-now",
								"com"
							],
							"path": [
								"api",
								"now",
								"table",
								"change_request",
								"9918e9ebdb205010a7ba4782399619cf"
							]
						}
					},
					"response": []
				},
				{
					"name": "Patch - Update Single Field",
					"protocolProfileBehavior": {
						"disabledSystemHeaders": {}
					},
					"request": {
						"auth": {
							"type": "basic",
							"basic": [
								{
									"key": "password",
									"value": "Soumi@1989",
									"type": "string"
								},
								{
									"key": "username",
									"value": "admin",
									"type": "string"
								}
							]
						},
						"method": "PATCH",
						"header": [
							{
								"key": "Accept",
								"type": "text",
								"value": "application/xml",
								"disabled": true
							}
						],
						"body": {
							"mode": "raw",
							"raw": "{\n\t\"assigned_to\": \"5137153cc611227c000bbd1bd8cd2007\"\n}",
							"options": {
								"raw": {
									"language": "json"
								}
							}
						},
						"url": {
							"raw": "https://dev83876.service-now.com/api/now/table/change_request/9918e9ebdb205010a7ba4782399619cf",
							"protocol": "https",
							"host": [
								"dev83876",
								"service-now",
								"com"
							],
							"path": [
								"api",
								"now",
								"table",
								"change_request",
								"9918e9ebdb205010a7ba4782399619cf"
							]
						}
					},
					"response": []
				}
			],
			"description": "Comprises of requests to validate change requests module",
			"protocolProfileBehavior": {}
		}
	],
	"protocolProfileBehavior": {}
}